difficulty,n,resolved,rate,ci_lo,ci_hi,report_valid,full_trajs,patch_apply_failures
medium,65,23,0.35384615384615387,0.24875458391653166,0.4752489408669583,28,64,3
hard,36,1,0.027777777777777776,0.004920407085360526,0.1416971878852477,4,36,0
easy,27,17,0.6296296296296297,0.44229234270537493,0.7846748713600142,17,27,0
