metric,value,numerator,denominator,ci_lo,ci_hi
resolved_xcheck_at_8,0.3203125,41,128,0.2457302055723189,0.4053658882488494
report_valid,0.3828125,49,128,0.30318625799219434,0.4692677162390023
report_coverage,1.0,128,128,0.9708630432802273,0.9999999999999999
trajectory_file_coverage,1.0,128,128,0.9708630432802273,0.9999999999999999
full_trajectory_coverage,0.9921875,127,128,0.9570737401065962,0.9986195681223774
patch_coverage,1.0,128,128,0.9708630432802273,0.9999999999999999
patch_apply_failure_rate,0.0234375,3,128,0.008002416334530887,0.06664374553900236
report_valid_not_leaderboard_resolved,0.0625,8,128,0.03200692553038543,0.11848791159941557
