phase,instances_with_giveup,n,rate,ci_lo,ci_hi
ISSUE_REPRODUCT,0,127,0.0,0.0,0.029359645743335123
TEST_SYNTHSIZE,0,127,0.0,0.0,0.029359645743335123
CODE_LOCALIZE,0,127,0.0,0.0,0.029359645743335123
TEST_LOCALIZE,0,127,0.0,0.0,0.029359645743335123
CODE_FIX,0,127,0.0,0.0,0.029359645743335123
VERIFY_PATCH,17,127,0.13385826771653545,0.08528249855604182,0.2039336199804162
ISSUE_CLOSE,0,127,0.0,0.0,0.029359645743335123
FINAL_REPORT,0,127,0.0,0.0,0.029359645743335123
