group,n,api_calls_mean,api_calls_p50,api_calls_p95,n_messages_mean,n_messages_p50,n_messages_p95,n_assistant_mean,n_assistant_p50,n_assistant_p95,n_user_mean,n_user_p50,n_user_p95,n_bash_calls_mean,n_bash_calls_p50,n_bash_calls_p95,prompt_tokens_mean,prompt_tokens_p50,prompt_tokens_p95,completion_tokens_mean,completion_tokens_p50,completion_tokens_p95,total_tokens_mean,total_tokens_p50,total_tokens_p95,runtime_sec_mean,runtime_sec_p50,runtime_sec_p95
all_with_full_traj,127,604.9685039370079,529.0,995.9999999999999,678.4094488188977,594.0,1071.6,325.62992125984255,285.0,521.8,343.7716535433071,301.0,540.8,315.4724409448819,276.0,509.49999999999994,8130742.818897638,6467864.0,18534013.09999999,108136.29133858268,80748.0,244742.4,8238879.11023622,6537646.0,18688442.899999995,4358.4043569921505,3330.363523244858,8843.349491834639
resolved,41,549.9512195121952,490.0,786.0,621.9024390243902,554.0,898.0,297.5121951219512,265.0,428.0,315.4390243902439,281.0,456.0,288.2926829268293,257.0,414.0,6256309.780487805,5169298.0,10361738.0,82102.87804878049,69782.0,150527.0,6338412.658536585,5241639.0,10547220.0,3495.955963495301,2860.7680842876434,6234.81693482399
unresolved_with_full_traj,86,631.1976744186046,567.5,1001.0,705.3488372093024,632.0,1090.75,339.0348837209302,304.0,528.75,357.27906976744185,320.0,551.5,328.43023255813955,295.5,509.75,9024367.872093024,7280770.0,19308254.0,120547.56976744186,91038.0,269510.25,9144915.441860465,7421184.0,19525460.0,4769.571614356928,3665.4321641921997,8854.592583298683
