method,rate,lo,hi,width,n
Wilson 95% CI,0.748,0.7081521751849856,0.7840661518868807,0.07591397670189504,500
Cluster bootstrap (repo) 95% CI,0.748,0.6702618795265854,0.7981676252263726,0.1279057456997872,500
