peer,n_strata,pooled_b,pooled_c,pooled_p,cmh_chi2,cmh_p
OpenHands + Qwen3-Coder-480B,12,58,32,0.008045928133225098,6.944444444444445,0.008407994577249278
OpenHands + Claude-4-Sonnet,12,56,34,0.02630166513112228,4.9,0.026856695507524453
Sonar + Claude-Opus-4.5,12,20,42,0.007148733833163066,7.112903225806452,0.007653106454839409
