axis,spearman_rho,p_permutation,n_permute
qwen_consensus,0.5993052637969244,9.999000099990002e-05,10000
frontier_consensus,0.6632061550721264,9.999000099990002e-05,10000
