outcome,role,n_instances,total_messages,mean_messages_per_instance,p50_chars_per_message,mean_chars_per_message,p95_chars_per_message,total_chars
all,assistant,495,152256,307.58787878787876,1207.7488151658767,1215.6175377431343,1460.8079658605975,182681633
all,user,495,161705,326.67676767676767,2515.2627450980394,2537.5144917807083,3112.8253718631177,409588149
all,system,495,4711,9.517171717171717,7443.25,7470.420857672796,7620.018181818182,35297428
resolved,assistant,374,111927,299.2700534759358,1203.251380803105,1212.2895949267713,1452.747804564766,134083708
resolved,user,374,118992,318.16042780748666,2515.620809168738,2538.2039453256425,3113.103794855038,301149005
resolved,system,374,3524,9.422459893048128,7443.25,7468.926081992464,7596.0,26387324
unresolved,assistant,121,40329,333.297520661157,1215.8778280542986,1225.9039064482577,1491.618556701031,48597925
unresolved,user,121,42713,353.0,2513.5454545454545,2535.383453550914,3095.6409395973155,108439144
unresolved,system,121,1187,9.809917355371901,7443.25,7475.041073412004,7646.333333333333,8910104
