stratum,n,share
peer_qwen_solved,41,0.3253968253968254
frontier_only,31,0.24603174603174602
globally_hard,54,0.42857142857142855
TOTAL,126,1.0
