qwen_consensus,n_kozuchi_attempts,kozuchi_resolved_rate,api_calls_mean,api_calls_p50,n_messages_mean,n_messages_p50,n_bash_calls_mean,n_bash_calls_p50,prompt_tokens_mean,prompt_tokens_p50,completion_tokens_mean,completion_tokens_p50,runtime_sec_mean,runtime_sec_p50,patch_churn_mean,patch_churn_p50,patch_files_mean,patch_files_p50,phase_VERIFY_PATCH_giveup_mean,phase_VERIFY_PATCH_giveup_p50,phase_CODE_FIX_msgs_mean,phase_CODE_FIX_msgs_p50,phase_VERIFY_PATCH_msgs_mean,phase_VERIFY_PATCH_msgs_p50
0,117,0.29914529914529914,644.1794871794872,522.0,726.8632478632478,586.0,336.13675213675214,273.0,9365703.675213676,7209978.0,145031.09401709403,87590.0,4033.5636482136883,2933.4824833869934,25.418803418803417,11.0,1.4786324786324787,1.0,0.7350427350427351,0.0,182.64957264957266,107.0,122.88034188034187,53.0
1,60,0.65,561.6833333333333,526.0,633.65,590.0,293.6666666666667,275.0,7986480.083333333,6994926.5,112854.51666666666,94427.0,3378.71189609766,3175.096522450447,20.85,10.0,1.2833333333333334,1.0,0.3,0.0,142.7,110.0,88.45,55.0
2,47,0.7872340425531915,604.1914893617021,533.0,679.3191489361702,600.0,314.1914893617021,278.0,8617290.510638298,7234259.0,147149.68085106384,106195.0,3815.279911548533,3144.314875125885,18.680851063829788,10.0,1.297872340425532,1.0,0.2553191489361702,0.0,166.80851063829786,119.0,90.48936170212765,51.0
3,73,0.958904109589041,531.0958904109589,461.0,606.054794520548,526.0,279.1095890410959,242.0,6815972.671232876,5772192.0,98453.42465753424,78307.0,3083.00185928606,2567.044849395752,8.73972602739726,4.0,1.273972602739726,1.0,0.5068493150684932,0.0,123.91780821917808,73.0,93.72602739726027,51.0
4,198,0.9747474747474747,525.2121212121212,455.0,603.2323232323232,519.0,276.74747474747477,239.5,6407136.964646464,5500216.0,99518.9797979798,75733.0,3085.778790690682,2615.0971747636795,10.146464646464647,4.0,1.1868686868686869,1.0,0.6161616161616161,0.0,116.08585858585859,73.0,113.56060606060606,53.0
