term,coef,odds_ratio,se_model,se_cluster,z_cluster,p_cluster,ci_lo_cluster,ci_hi_cluster
(Intercept),1.8809841624995567,6.559957750741799,0.19320856476386886,0.19090311452390812,9.853082634039415,0.0,1.5068140580326967,2.2551542669664166
log_api_calls,-0.28308921860398334,0.7534525628750748,0.39225037701581084,0.20389404898022073,-1.3884133451655822,0.16501121499042304,-0.6827215546052159,0.11654311739724926
log_patch_churn,0.06106652194032033,1.062969622637137,0.17379731825251485,0.15957572730616867,0.38268051771530104,0.7019566614773676,-0.2517019035797703,0.3738349474604109
log_runtime_sec,0.329207773975493,1.389866603699056,0.37575672272454896,0.21727076157364603,1.515195931523924,0.12972279309781753,-0.09664291870885322,0.7550584666598392
qwen_consensus,0.9776550819928819,2.658215630229487,0.2133790029383229,0.17869916361882845,5.470954996063967,4.476169634948235e-08,0.627404721299978,1.3279054426857857
frontier_consensus,1.3146584094672393,3.723478862862615,0.18423839946675655,0.17698513026220364,7.428072672091558,1.1013412404281553e-13,0.9677675541533202,1.6615492647811585
