patch_applied,n,resolved,rate,ci_lo,ci_hi
false,1,1,1.0,0.2065493117918027,1.0
true,494,373,0.7550607287449392,0.7152648017620162,0.7909204415607707
