phase,instances_with_giveup,n,rate,ci_lo,ci_hi
ISSUE_REPRODUCT,0,495,0.0,0.0,0.007700761059256928
TEST_SYNTHSIZE,0,495,0.0,0.0,0.007700761059256928
CODE_LOCALIZE,0,495,0.0,0.0,0.007700761059256928
TEST_LOCALIZE,0,495,0.0,0.0,0.007700761059256928
CODE_FIX,5,495,0.010101010101010102,0.004322048905041094,0.023425161425746
VERIFY_PATCH,90,495,0.18181818181818182,0.1503336122382451,0.21820323570855482
ISSUE_CLOSE,0,495,0.0,0.0,0.007700761059256928
FINAL_REPORT,0,495,0.0,0.0,0.007700761059256928
