group,n,api_calls_mean,api_calls_p50,api_calls_p95,n_messages_mean,n_messages_p50,n_messages_p95,n_assistant_mean,n_assistant_p50,n_assistant_p95,n_user_mean,n_user_p50,n_user_p95,n_bash_calls_mean,n_bash_calls_p50,n_bash_calls_p95,prompt_tokens_mean,prompt_tokens_p50,prompt_tokens_p95,completion_tokens_mean,completion_tokens_p50,completion_tokens_p95,total_tokens_mean,total_tokens_p50,total_tokens_p95,runtime_sec_mean,runtime_sec_p50,runtime_sec_p95
all_with_traj,495,566.119191919192,490.0,1099.3,643.7818181818182,556.0,1274.6,307.58787878787876,266.0,608.3,326.67676767676767,282.0,646.1999999999998,296.73939393939395,257.0,582.0,7568015.985858586,6200807.0,16629770.79999998,116258.18585858586,83137.0,299756.1999999999,7684274.171717172,6307189.0,16970050.99999998,3414.1639449177364,2783.961581230164,6992.39582467077
resolved,374,550.0427807486631,478.5,1050.1999999999996,626.8529411764706,543.0,1174.3999999999992,299.2700534759358,259.5,564.1999999999996,318.16042780748666,275.5,595.1999999999996,288.60695187165777,251.0,546.0,7223253.92513369,5976716.5,14232343.899999987,111039.21657754011,81274.0,272853.49999999994,7334293.14171123,6045654.0,14474469.49999999,3294.131054702927,2732.903817296028,6353.065549397467
unresolved_with_traj,121,615.8099173553719,518.0,1434.0,696.1074380165289,582.0,1585.0,333.297520661157,279.0,771.0,353.0,295.0,800.0,321.87603305785126,271.0,719.0,8633644.173553718,7086602.0,19863593.0,132389.54545454544,87427.0,349438.0,8766033.719008265,7199609.0,20122056.0,3785.1746964907843,2935.364014148712,9078.744645118712
